property_id,title,price,location,pf_bedrooms,pf_bathrooms,pf_area_sqm,cubicasa_id,svg_bedrooms,svg_bathrooms,svg_area_sqm,area_diff_sqm,image_path
PROP_1001,Luxurious Living in the Heart of Hyde Park!,50000.0,"Hyde Park, Hyde Park, New Cairo City, Cairo",3,3,189.0,4770,3,3,7782.99,7593.99,./data/matched_images/4770.png
PROP_1002,Apartment for Rent in Al Marasem Compound,35000.0,"Moon Residences, The 5th Settlement, New Cairo City, Cairo",3,2,170.0,9623,3,2,4716.1,4546.1,./data/matched_images/9623.png
PROP_1003,Flat Ultra Super Lux First Use For Rent-Villette,70000.0,"Villette, The 5th Settlement, New Cairo City, Cairo",3,3,161.0,4770,3,3,7782.99,7621.99,./data/matched_images/4770.png
PROP_1004,Studio for Rent — South Lotus (New Cairo),22000.0,"South Lotus, El Lotus, New Cairo City, Cairo",1,1,80.0,12535,1,1,2682.85,2602.85,./data/matched_images/12535.png
PROP_1005,Studio for Rent — Hyde Park New Cairo   First Us,35000.0,"Hyde Park, Hyde Park, New Cairo City, Cairo",1,1,80.0,12535,1,1,2682.85,2602.85,./data/matched_images/12535.png
PROP_1006,Ultra-modern furnished apartment in Cairo Festival,95000.0,"Cairo Festival City, North Investors Area, New Cairo City, Cairo",3,4,230.0,11853,3,4,12613.45,12383.45,./data/matched_images/11853.png
PROP_1007,stand alone for rent,300000.0,"The Address, 12th District, Sheikh Zayed City, Giza",5,5,450.0,10718,5,5,20574.87,20124.87,./data/matched_images/10718.png
PROP_1008,Fully Furnished Apartment for Rent in V Residence,95000.0,"Villette, The 5th Settlement, New Cairo City, Cairo",3,3,180.0,4770,3,3,7782.99,7602.99,./data/matched_images/4770.png
PROP_1009,furnished apt rent sodic villette direct landscape,115000.0,"Villette, The 5th Settlement, New Cairo City, Cairo",3,3,188.0,4770,3,3,7782.99,7594.99,./data/matched_images/4770.png
PROP_1010,Furnished studio for annual rent in Saba basha,15000.0,"Batlimos Al Falaki St., Saba Basha, Hay Sharq, Alexandria",1,1,30.0,12535,1,1,2682.85,2652.85,./data/matched_images/12535.png
PROP_1011,Ground floor with private garden for rent  Eastown,85000.0,"Eastown, The 5th Settlement, New Cairo City, Cairo",2,3,140.0,12823,2,3,6895.83,6755.83,./data/matched_images/12823.png
PROP_1012,Luxurious Furnished  Villa for  Rent in Lake view,336000.0,"Lake View, The 5th Settlement, New Cairo City, Cairo",4,4,650.0,9351,4,4,12312.92,11662.92,./data/matched_images/9351.png
PROP_1013,Stylish 200sqm Furnished Apartment Rent in  Mivida,113000.0,"Mivida, The 5th Settlement, New Cairo City, Cairo",3,4,200.0,11853,3,4,12613.45,12413.45,./data/matched_images/11853.png
PROP_1014,"75m Furnished Apartment for Rent – Tabarak, Maadi",12000.0,"Tabarak, Zahraa El Maadi, Hay El Maadi, Cairo",2,1,75.0,2519,2,1,3369.88,3294.88,./data/matched_images/2519.png
PROP_1015,"Apartment for rent in Fifth Settlement, North Lotu",30000.0,"North Lotus, El Lotus, New Cairo City, Cairo",3,3,235.0,4770,3,3,7782.99,7547.99,./data/matched_images/4770.png
PROP_1016,107m Apartment for Rent – Tabarak Buildings–Maadi,12000.0,"Tabarak, Zahraa El Maadi, Hay El Maadi, Cairo",2,2,107.0,12803,2,2,4059.0,3952.0,./data/matched_images/12803.png
PROP_1017,Luxurious apartment for rent at west golf,60000.0,"West Golf, El Katameya, New Cairo City, Cairo",2,4,160.0,5846,2,4,9260.58,9100.58,./data/matched_images/5846.png
PROP_1018,Townhouse corner for rent at O-West October Whyt,65000.0,"O West, 6 October Compounds, 6 October City, Giza",3,3,266.0,4770,3,3,7782.99,7516.99,./data/matched_images/4770.png
PROP_1019,Apartment for rent at O-West Tulwa prime location,27000.0,"O West, 6 October Compounds, 6 October City, Giza",2,3,132.0,12823,2,3,6895.83,6763.83,./data/matched_images/12823.png
PROP_1020,Ground duplex for rent in O-west phase Tulwa,45000.0,"O West, 6 October Compounds, 6 October City, Giza",3,3,287.0,4770,3,3,7782.99,7495.99,./data/matched_images/4770.png
PROP_1021,Apartment for rent at O-West Tulwa prime location,35000.0,"O West, 6 October Compounds, 6 October City, Giza",3,3,168.0,4770,3,3,7782.99,7614.99,./data/matched_images/4770.png
PROP_1022,Apartment for rent in New Giza Amberville,45000.0,"New Giza, Cairo Alexandria Desert Road, 6 October City, Giza",2,3,173.0,12823,2,3,6895.83,6722.83,./data/matched_images/12823.png
PROP_1023,Apartment for rent in New Giza Amberville,55000.0,"New Giza, Cairo Alexandria Desert Road, 6 October City, Giza",4,3,230.0,13464,4,3,9631.51,9401.51,./data/matched_images/13464.png
PROP_1024,Apartment for rent in New Giza Westridge,60000.0,"New Giza, Cairo Alexandria Desert Road, 6 October City, Giza",3,3,285.0,4770,3,3,7782.99,7497.99,./data/matched_images/4770.png
PROP_1025,Ground furnished apartment for rent at ZED west,70000.0,"Village Views, Sheikh Zayed Compounds, Sheikh Zayed City, Giza",3,4,290.0,11853,3,4,12613.45,12323.45,./data/matched_images/11853.png
PROP_1026,Furnished apartment rent in Palm Parks October,45000.0,"Palm Parks   Palm Hills, South Dahshur Link, 6 October City, Giza",2,1,93.0,2519,2,1,3369.88,3276.88,./data/matched_images/2519.png
PROP_1027,Furnished apartment for rent at ZED west open view,50000.0,"Village Views, Sheikh Zayed Compounds, Sheikh Zayed City, Giza",2,2,102.0,12803,2,2,4059.0,3957.0,./data/matched_images/12803.png
PROP_1028,Town house for Rent in Woodville Palm Hills,80000.0,"Palm Hills WoodVille, Al Wahat Road, 6 October City, Giza",4,4,280.0,9351,4,4,12312.92,12032.92,./data/matched_images/9351.png
PROP_1029,Fully furnished villa with private pool in layan,180000.0,"Layan Residence, The 5th Settlement, New Cairo City, Cairo",4,4,330.0,9351,4,4,12312.92,11982.92,./data/matched_images/9351.png
PROP_1030,100m Super Lux Apartment for Rent–Zahraa El-Maadi,12000.0,"Togary St., Zahraa El Maadi, Hay El Maadi, Cairo",2,1,100.0,2519,2,1,3369.88,3269.88,./data/matched_images/2519.png
PROP_1031,"140m Apartment for Rent, Degla Landmark, Nasr City",15000.0,"Degla Landmark, Nasr City Compounds, Nasr City, Cairo",3,2,140.0,9623,3,2,4716.1,4576.1,./data/matched_images/9623.png
PROP_1032,Super lux Apartment for rent in Eastown sodic,100000.0,"Eastown, The 5th Settlement, New Cairo City, Cairo",4,5,240.0,1912,4,5,23929.43,23689.43,./data/matched_images/1912.png
PROP_1033,"Apartment for rent in Smouha, 175 sq m – Open view",21000.0,"Valore Smouha, Smouha, Hay Sharq, Alexandria",3,2,175.0,9623,3,2,4716.1,4541.1,./data/matched_images/9623.png
PROP_1034,Ground Floor Apartment for Rent,50000.0,"Lake View Residence, The 5th Settlement, New Cairo City, Cairo",2,2,120.0,12803,2,2,4059.0,3939.0,./data/matched_images/12803.png
PROP_1035,Furnished Garden Apartment for Rent in Al Patio,60000.0,"El Patio Oro, The 5th Settlement, New Cairo City, Cairo",3,3,165.0,4770,3,3,7782.99,7617.99,./data/matched_images/4770.png
PROP_1036,Standalone Villa for Rent with kitchen and ACs,110000.0,"Stone Park, The 5th Settlement, New Cairo City, Cairo",4,3,500.0,13464,4,3,9631.51,9131.51,./data/matched_images/13464.png
PROP_1037,Furnished apartment in lake view residence,80000.0,"Lake View Residence, The 5th Settlement, New Cairo City, Cairo",2,2,146.0,12803,2,2,4059.0,3913.0,./data/matched_images/12803.png
PROP_1038,Townhouse Middle for Rent – District 5 by Marakez,105000.0,"District 5, The 5th Settlement, New Cairo City, Cairo",3,3,258.0,4770,3,3,7782.99,7524.99,./data/matched_images/4770.png
PROP_1039,Apartment for rent in Lake View Residence,45000.0,"Lake View Residence, The 5th Settlement, New Cairo City, Cairo",2,2,130.0,12803,2,2,4059.0,3929.0,./data/matched_images/12803.png
PROP_1040,Fully Furnished Roof Apartment forRent – 1st Sett,65000.0,"Mostafa Kamel Axis, The 1st Settlement, New Cairo City, Cairo",3,4,250.0,11853,3,4,12613.45,12363.45,./data/matched_images/11853.png
PROP_1041,Cozy Furn Apart For Rent Near T All Service best p,39999.0,"El Rehab Extension, Al Rehab, New Cairo City, Cairo",2,2,123.0,12803,2,2,4059.0,3936.0,./data/matched_images/12803.png
PROP_1042,Villa for rent With Kitchen and AC'S Mivida Emaar,170000.0,"Mivida, The 5th Settlement, New Cairo City, Cairo",4,3,356.0,13464,4,3,9631.51,9275.51,./data/matched_images/13464.png
PROP_1043,Super Lux Apartment for Rent in Garden City,35000.0,"Garden City St., Garden City St., Garden City, Cairo",2,1,140.0,2519,2,1,3369.88,3229.88,./data/matched_images/2519.png
PROP_1044,Furnished apartment for rent -The Address Compound,35000.0,"The Address, 12th District, Sheikh Zayed City, Giza",3,2,134.0,9623,3,2,4716.1,4582.1,./data/matched_images/9623.png
PROP_1045,Furnished apartment attractive price-Westown sodic,45000.0,"Westown, Sheikh Zayed Compounds, Sheikh Zayed City, Giza",2,3,152.0,12823,2,3,6895.83,6743.83,./data/matched_images/12823.png
PROP_1046,Furnished Apartment for rent at maadi cornich,19999.0,"Cornish El Nile St., Maadi, Hay El Maadi, Cairo",2,1,110.0,2519,2,1,3369.88,3259.88,./data/matched_images/2519.png
PROP_1047,Furnished Cozy Furnished Apart Prime Location Bes,69999.0,"Eastown, The 5th Settlement, New Cairo City, Cairo",2,2,160.0,12803,2,2,4059.0,3899.0,./data/matched_images/12803.png
PROP_1048,"Apartment for rent in Fifth Settlement, in the Am",85000.0,"American University Housing District, The 5th Settlement, New Cairo City, Cairo",3,2,250.0,9623,3,2,4716.1,4466.1,./data/matched_images/9623.png
PROP_1049,luxury apartment rent in katameya heights,80000.0,"Katameya Heights, El Katameya, New Cairo City, Cairo",3,3,200.0,4770,3,3,7782.99,7582.99,./data/matched_images/4770.png
PROP_1050,"Studio for rent,fully furnished, in Courtyard Comp",28000.0,"Six West, Sheikh Zayed Compounds, Sheikh Zayed City, Giza",2,1,50.0,2519,2,1,3369.88,3319.88,./data/matched_images/2519.png
PROP_1051,amazing apartment with private pool & garden,150000.0,"Katameya Heights, El Katameya, New Cairo City, Cairo",3,3,250.0,4770,3,3,7782.99,7532.99,./data/matched_images/4770.png
PROP_1052,Furnished Apartment For Rent In Maadi Degla,117000.0,"Street 213, Degla, Hay El Maadi, Cairo",3,2,220.0,9623,3,2,4716.1,4496.1,./data/matched_images/9623.png
PROP_1053,Amazing Modern Apartment With Terrace In Zamalek,141000.0,"Mohamed Mazhar St., Mohamed Mazhar St., Zamalek, Cairo",3,3,180.0,4770,3,3,7782.99,7602.99,./data/matched_images/4770.png
PROP_1054,Modern Duplex for Rent in Sarayat El Maadi,77000.0,"Sarayat Al Maadi, Sarayat Al Maadi, Hay El Maadi, Cairo",3,3,260.0,4770,3,3,7782.99,7522.99,./data/matched_images/4770.png
PROP_1055,"Studio for Rent – Banafseg Villas, New Cairo First",30000.0,"El Banafseg 12, El Banafseg, New Cairo City, Cairo",1,1,80.0,12535,1,1,2682.85,2602.85,./data/matched_images/12535.png
PROP_1056,Furnished Apartment For Rent In Maadi Degla,80000.0,"Street 213, Degla, Hay El Maadi, Cairo",2,3,150.0,12823,2,3,6895.83,6745.83,./data/matched_images/12823.png
PROP_1057,Luxury Furnish Hotel Apart First Use Prime Locatio,79999.0,"Mivida, The 5th Settlement, New Cairo City, Cairo",2,3,156.0,12823,2,3,6895.83,6739.83,./data/matched_images/12823.png
PROP_1058,Luxurious Semi-Furnished Apartment For Rent Modern,59999.0,"Villette, The 5th Settlement, New Cairo City, Cairo",3,4,210.0,11853,3,4,12613.45,12403.45,./data/matched_images/11853.png
PROP_1059,Furnished Apartment for Rent in Maadi Sarayat,45000.0,"Street 6, Maadi, Hay El Maadi, Cairo",3,2,160.0,9623,3,2,4716.1,4556.1,./data/matched_images/9623.png
PROP_1060,Amazing Apartment 4 Rent Prime Loc Degla Maadi,60000.0,"Street 209, Degla, Hay El Maadi, Cairo",3,2,180.0,9623,3,2,4716.1,4536.1,./data/matched_images/9623.png
PROP_1061,Modern Apartment 4 Rent wth Prime Loc-Degla Maadi,45000.0,"Street 204, Degla, Hay El Maadi, Cairo",2,3,250.0,12823,2,3,6895.83,6645.83,./data/matched_images/12823.png
PROP_1062,Apartment for Rent in Madinaty – Ultra Modern,27000.0,"Privado, Privado, Madinaty, Cairo",2,2,96.0,12803,2,2,4059.0,3963.0,./data/matched_images/12803.png
PROP_1063,"Apartment for rent in Fifth Settlement, Third Dist",25000.0,"Street17, The 5th Settlement, New Cairo City, Cairo",3,2,177.0,9623,3,2,4716.1,4539.1,./data/matched_images/9623.png
PROP_1064,شقة للايجار اكسترا سكن متميز بالتعاون ترسا الهرم,8000.0,"Tersa Bridge, El Haram, Hay El Haram, Giza",3,2,130.0,9623,3,2,4716.1,4586.1,./data/matched_images/9623.png
PROP_1065,"Duplex apartment for rent, 220 m, Smouha",30000.0,"Victor Ammanuel Square, Smouha, Hay Sharq, Alexandria",3,3,220.0,4770,3,3,7782.99,7562.99,./data/matched_images/4770.png
PROP_1066,Furnished apartment for rent in Al Yasmin 7,27000.0,"Al Sheikh Hassan Maamoun St., El Yasmeen, New Cairo City, Cairo",3,3,180.0,4770,3,3,7782.99,7602.99,./data/matched_images/4770.png
PROP_1067,Fully Finished Apartment for Rent  Mivida compound,50000.0,"Mivida, The 5th Settlement, New Cairo City, Cairo",2,2,135.0,12803,2,2,4059.0,3924.0,./data/matched_images/12803.png
PROP_1068,Apartment with private Garden for Rent FifthSquare,55000.0,"Moon Residences, The 5th Settlement, New Cairo City, Cairo",2,2,143.0,12803,2,2,4059.0,3916.0,./data/matched_images/12803.png
PROP_1069,"Apartment for rent, empty, in South Academy",30000.0,"Orouba Axis, Ganoob El Acadimia, New Cairo City, Cairo",3,2,180.0,9623,3,2,4716.1,4536.1,./data/matched_images/9623.png
PROP_1070,Premium Apartment for Rent In V Residence Villette,95000.0,"Villette, The 5th Settlement, New Cairo City, Cairo",2,3,160.0,12823,2,3,6895.83,6735.83,./data/matched_images/12823.png
PROP_1071,Ground floor with garden for rent in Maadi,37000.0,"Al Golf St., Maadi, Hay El Maadi, Cairo",3,2,160.0,9623,3,2,4716.1,4556.1,./data/matched_images/9623.png
PROP_1072,Modern Furnished Apartment for Rent in Degla Maadi,30000.0,"Street 200, Degla, Hay El Maadi, Cairo",2,1,100.0,2519,2,1,3369.88,3269.88,./data/matched_images/2519.png
PROP_1073,"Apartment for rent, unfurnished, in Al Narjis 1",25000.0,"Beram Al Tunsi St., Al Narges, New Cairo City, Cairo",3,2,230.0,9623,3,2,4716.1,4486.1,./data/matched_images/9623.png
PROP_1074,"Apartment for rent, empty, in the second district",45000.0,"Street70, The 5th Settlement, New Cairo City, Cairo",3,2,240.0,9623,3,2,4716.1,4476.1,./data/matched_images/9623.png
PROP_1075,Modern Apartment For Rent Furnished in Old Maadi,45000.0,"Street 14, Maadi, Hay El Maadi, Cairo",2,1,148.0,2519,2,1,3369.88,3221.88,./data/matched_images/2519.png
PROP_1076,"Apartment for rent, empty, in Andalus 2",25000.0,"Al Andalus El Gedida, Al Andalus District, New Cairo City, Cairo",3,3,180.0,4770,3,3,7782.99,7602.99,./data/matched_images/4770.png
PROP_1077,Apartment 158m | First Use | Kitchen And Acs,60000.0,"Eastown, The 5th Settlement, New Cairo City, Cairo",2,3,158.0,12823,2,3,6895.83,6737.83,./data/matched_images/12823.png
PROP_1078,Furnished apartment for rent in Abu El Feda Compou,28000.0,"Al Feda Gardens, The 5th Settlement, New Cairo City, Cairo",3,2,180.0,9623,3,2,4716.1,4536.1,./data/matched_images/9623.png
PROP_1079,Stand alone villa for rent at stone park,110000.0,"Stone Park, The 5th Settlement, New Cairo City, Cairo",4,3,350.0,13464,4,3,9631.51,9281.51,./data/matched_images/13464.png
PROP_1080,Furnished apartment 160m for rent in Al Marasem,55000.0,"Moon Residences, The 5th Settlement, New Cairo City, Cairo",3,3,160.0,4770,3,3,7782.99,7622.99,./data/matched_images/4770.png
PROP_1081,PREMIUM APARTMENT 139 SQM IN SIERRAS UPTOWN CAIRO,40000.0,"The Sierras, Uptown Cairo, Mokattam, Cairo",2,3,139.0,12823,2,3,6895.83,6756.83,./data/matched_images/12823.png
PROP_1082,Penthouse 207m semi furnished for Rent in Marassem,45000.0,"Moon Residences, The 5th Settlement, New Cairo City, Cairo",3,3,207.0,4770,3,3,7782.99,7575.99,./data/matched_images/4770.png
PROP_1083,View Garden next to services and mosque B10,23000.0,"Privado, Privado, Madinaty, Cairo",3,3,165.0,4770,3,3,7782.99,7617.99,./data/matched_images/4770.png
PROP_1084,amazing apartment rent in maadi sarayate pool,150000.0,"Sarayat Al Maadi, Sarayat Al Maadi, Hay El Maadi, Cairo",3,3,250.0,4770,3,3,7782.99,7532.99,./data/matched_images/4770.png
PROP_1085,The Largest Villa Finished+ furnished Lowest Price,175000.0,"Al Shouyfat, The 5th Settlement, New Cairo City, Cairo",5,5,1000.0,10718,5,5,20574.87,19574.87,./data/matched_images/10718.png
PROP_1086,luxury apartment rent in Cairo festival city,50000.0,"Cairo Festival City, North Investors Area, New Cairo City, Cairo",2,2,150.0,12803,2,2,4059.0,3909.0,./data/matched_images/12803.png
PROP_1087,Fully furnished apartment for rent in Casa Compoun,55000.0,"Casa, Sheikh Zayed Compounds, Sheikh Zayed City, Giza",2,2,125.0,12803,2,2,4059.0,3934.0,./data/matched_images/12803.png
PROP_1088,Fully furnished apartment for rent in Courtyard Co,60000.0,"The Courtyards, Sheikh Zayed Compounds, Sheikh Zayed City, Giza",3,2,200.0,9623,3,2,4716.1,4516.1,./data/matched_images/9623.png
PROP_1089,amazing ground floor rent in katameya heights,125000.0,"Katameya Heights, El Katameya, New Cairo City, Cairo",3,3,250.0,4770,3,3,7782.99,7532.99,./data/matched_images/4770.png
PROP_1090,amazing villa rent in katameya heights,300000.0,"Katameya Heights, El Katameya, New Cairo City, Cairo",4,4,700.0,9351,4,4,12312.92,11612.92,./data/matched_images/9351.png
PROP_1091,Apartment Fully Finished With Very Special Price,40000.0,"Moon Residences, The 5th Settlement, New Cairo City, Cairo",3,3,168.0,4770,3,3,7782.99,7614.99,./data/matched_images/4770.png
PROP_1092,Luxury Furn Apart For Rent Near T All Service best,38888.0,"El Rehab Extension, Al Rehab, New Cairo City, Cairo",2,2,123.0,12803,2,2,4059.0,3936.0,./data/matched_images/12803.png
PROP_1093,APT Fully Finished with ACs Kitchen Special Price,65000.0,"Regents Park, Al Andalus District, New Cairo City, Cairo",3,3,240.0,4770,3,3,7782.99,7542.99,./data/matched_images/4770.png
PROP_1094,"Apartment for rent in South Academy B, First Settl",18000.0,"Area B, Ganoob El Acadimia, New Cairo City, Cairo",2,2,175.0,12803,2,2,4059.0,3884.0,./data/matched_images/12803.png
PROP_1095,Apartment for rent with kitchen in Promenade Resid,28000.0,"Promenade New Cairo, The 5th Settlement, New Cairo City, Cairo",3,3,225.0,4770,3,3,7782.99,7557.99,./data/matched_images/4770.png
PROP_1096,Ultra Super Lux With Kitchen- Parking-Open View,26999.0,"Mountain View iCity October, 6 October Compounds, 6 October City, Giza",3,3,150.0,4770,3,3,7782.99,7632.99,./data/matched_images/4770.png
PROP_1097,"Empty basement for rent, residential or commercial",20000.0,"Abdullah Bin Omar St., Al Narges, New Cairo City, Cairo",2,1,120.0,2519,2,1,3369.88,3249.88,./data/matched_images/2519.png
PROP_1098,"Studio apartment, daily or monthly rental",50000.0,"Porto New Cairo, The 5th Settlement, New Cairo City, Cairo",1,1,115.0,12535,1,1,2682.85,2567.85,./data/matched_images/12535.png
PROP_1099,Brand New Apartment Fully Furnished In Azad,75000.0,"Azad, The 5th Settlement, New Cairo City, Cairo",2,2,140.0,12803,2,2,4059.0,3919.0,./data/matched_images/12803.png
PROP_1100,2BR Apartment Fully Furnished For Rent In VGK,60000.0,"Village Gardens Katameya, The 5th Settlement, New Cairo City, Cairo",2,2,174.0,12803,2,2,4059.0,3885.0,./data/matched_images/12803.png
